{"text": " erase my memories erase my mind gotta leave the past behind i don't remember what i used to be i'm breaking free from my history forget the pain forget the tears i'm wiping clean all my feelings no looking back i'm on my own in this amnesiac so lost in a haze but nothing's real i feel a picture i can't really feel i'm searching for something i can't recall the memories won't let me fall so am i still in the now feeling the flow my mind expanding like an helisepco phenomenology i'm breaking them all exploring dimensions my thoughts unfold awakening senses like a vibrant symphony oh because i'm shining through my destiny i dive deep within to find my true breaking down barriers breaking through the world's a canvas where i paint my dreams with no limits to this universe as far as it seems i'm applying it drawing my own path the fresh don't wake me i'm free", "segments": [{"id": 0, "seek": 0, "start": 0.0, "end": 10.24, "text": " erase my memories erase my mind gotta leave the past behind i don't remember what i used to be", "tokens": [50364, 23525, 452, 8495, 23525, 452, 1575, 3428, 1856, 264, 1791, 2261, 741, 500, 380, 1604, 437, 741, 1143, 281, 312, 50876], "temperature": 0.0, "avg_logprob": -0.20731277465820314, "compression_ratio": 1.48, "no_speech_prob": 0.44569382071495056}, {"id": 1, "seek": 0, "start": 12.0, "end": 22.240000000000002, "text": " i'm breaking free from my history forget the pain forget the tears i'm wiping clean all my", "tokens": [50964, 741, 478, 7697, 1737, 490, 452, 2503, 2870, 264, 1822, 2870, 264, 10462, 741, 478, 40611, 2541, 439, 452, 51476], "temperature": 0.0, "avg_logprob": -0.20731277465820314, "compression_ratio": 1.48, "no_speech_prob": 0.44569382071495056}, {"id": 2, "seek": 2224, "start": 22.24, "end": 28.479999999999997, "text": " feelings no looking back i'm on my own in this amnesiac so", "tokens": [50364, 6640, 572, 1237, 646, 741, 478, 322, 452, 1065, 294, 341, 669, 4081, 13921, 370, 50676], "temperature": 0.0, "avg_logprob": -0.26673838070460726, "compression_ratio": 1.5263157894736843, "no_speech_prob": 0.1570805162191391}, {"id": 3, "seek": 2224, "start": 32.239999999999995, "end": 39.519999999999996, "text": " lost in a haze but nothing's real i feel a picture i can't really feel", "tokens": [50864, 2731, 294, 257, 324, 1381, 457, 1825, 311, 957, 741, 841, 257, 3036, 741, 393, 380, 534, 841, 51228], "temperature": 0.0, "avg_logprob": -0.26673838070460726, "compression_ratio": 1.5263157894736843, "no_speech_prob": 0.1570805162191391}, {"id": 4, "seek": 2224, "start": 39.519999999999996, "end": 45.28, "text": " i'm searching for something i can't recall the memories won't let me fall", "tokens": [51228, 741, 478, 10808, 337, 746, 741, 393, 380, 9901, 264, 8495, 1582, 380, 718, 385, 2100, 51516], "temperature": 0.0, "avg_logprob": -0.26673838070460726, "compression_ratio": 1.5263157894736843, "no_speech_prob": 0.1570805162191391}, {"id": 5, "seek": 5224, "start": 52.24, "end": 58.480000000000004, "text": " so", "tokens": [50364, 370, 50676], "temperature": 0.0, "avg_logprob": -0.6383707427978516, "compression_ratio": 1.1323529411764706, "no_speech_prob": 0.03734983503818512}, {"id": 6, "seek": 5224, "start": 70.0, "end": 77.28, "text": " am i still in the now feeling the flow my mind expanding like an helisepco", "tokens": [51252, 669, 741, 920, 294, 264, 586, 2633, 264, 3095, 452, 1575, 14702, 411, 364, 801, 271, 595, 1291, 51616], "temperature": 0.0, "avg_logprob": -0.6383707427978516, "compression_ratio": 1.1323529411764706, "no_speech_prob": 0.03734983503818512}, {"id": 7, "seek": 7728, "start": 78.24, "end": 87.12, "text": " phenomenology i'm breaking them all exploring dimensions my thoughts unfold", "tokens": [50412, 9388, 1793, 741, 478, 7697, 552, 439, 12736, 12819, 452, 4598, 17980, 50856], "temperature": 0.0, "avg_logprob": -0.19068898545934798, "compression_ratio": 1.5430463576158941, "no_speech_prob": 0.019981158897280693}, {"id": 8, "seek": 7728, "start": 87.12, "end": 96.24000000000001, "text": " awakening senses like a vibrant symphony oh because i'm shining through my destiny", "tokens": [50856, 31550, 17057, 411, 257, 21571, 6697, 28616, 1954, 570, 741, 478, 18269, 807, 452, 17893, 51312], "temperature": 0.0, "avg_logprob": -0.19068898545934798, "compression_ratio": 1.5430463576158941, "no_speech_prob": 0.019981158897280693}, {"id": 9, "seek": 7728, "start": 97.04, "end": 105.52000000000001, "text": " i dive deep within to find my true breaking down barriers breaking through", "tokens": [51352, 741, 9192, 2452, 1951, 281, 915, 452, 2074, 7697, 760, 13565, 7697, 807, 51776], "temperature": 0.0, "avg_logprob": -0.19068898545934798, "compression_ratio": 1.5430463576158941, "no_speech_prob": 0.019981158897280693}, {"id": 10, "seek": 10728, "start": 108.0, "end": 117.52, "text": " the world's a canvas where i paint my dreams with no limits to this universe as far as it seems", "tokens": [50400, 264, 1002, 311, 257, 16267, 689, 741, 4225, 452, 7505, 365, 572, 10406, 281, 341, 6445, 382, 1400, 382, 309, 2544, 50876], "temperature": 0.0, "avg_logprob": -0.48361401225245276, "compression_ratio": 1.3781512605042017, "no_speech_prob": 0.07815155386924744}, {"id": 11, "seek": 10728, "start": 118.56, "end": 129.52, "text": " i'm applying it drawing my own path the fresh don't wake me i'm free", "tokens": [50928, 741, 478, 9275, 309, 6316, 452, 1065, 3100, 264, 4451, 500, 380, 6634, 385, 741, 478, 1737, 51476], "temperature": 0.0, "avg_logprob": -0.48361401225245276, "compression_ratio": 1.3781512605042017, "no_speech_prob": 0.07815155386924744}], "language": "en"}