{"text": " No cash, no booty, no fancy things, just me and heart, that's all it brings, oh money, no, no dark, no luxury, but I'm fifty, but I want me to live the people of me, I'm shiny, fifty, but I'm high, oh three. No shiny cash, no diamond rings, but I dance like a queen when the music sings, no match and no yard, no designer clothes. But my spirit soars high, nobody knows. I am a freak from desire and hire and hire the buyer. No material goods can take me higher. In this brave and light, I'm not a fire, fire, living my truth, my soul of fire. No material goods can take me higher. No material goods can take me higher. In this brave and light, I'm not a fire, I'm living my truth, my soul of fire.", "segments": [{"id": 0, "seek": 0, "start": 0.0, "end": 21.0, "text": " No cash, no booty, no fancy things, just me and heart, that's all it brings, oh money, no, no dark, no luxury, but I'm fifty, but I want me to live the people of me, I'm shiny, fifty, but I'm high, oh three.", "tokens": [50364, 883, 6388, 11, 572, 34793, 11, 572, 10247, 721, 11, 445, 385, 293, 1917, 11, 300, 311, 439, 309, 5607, 11, 1954, 1460, 11, 572, 11, 572, 2877, 11, 572, 15558, 11, 457, 286, 478, 13442, 11, 457, 286, 528, 385, 281, 1621, 264, 561, 295, 385, 11, 286, 478, 16997, 11, 13442, 11, 457, 286, 478, 1090, 11, 1954, 1045, 13, 51414], "temperature": 0.0, "avg_logprob": -0.5218082309998188, "compression_ratio": 1.6666666666666667, "no_speech_prob": 0.6782001852989197}, {"id": 1, "seek": 0, "start": 21.0, "end": 29.0, "text": " No shiny cash, no diamond rings, but I dance like a queen when the music sings, no match and no yard, no designer clothes.", "tokens": [51414, 883, 16997, 6388, 11, 572, 16059, 11136, 11, 457, 286, 4489, 411, 257, 12206, 562, 264, 1318, 23250, 11, 572, 2995, 293, 572, 11682, 11, 572, 11795, 5534, 13, 51814], "temperature": 0.0, "avg_logprob": -0.5218082309998188, "compression_ratio": 1.6666666666666667, "no_speech_prob": 0.6782001852989197}, {"id": 2, "seek": 2900, "start": 29.0, "end": 33.0, "text": " But my spirit soars high, nobody knows.", "tokens": [50364, 583, 452, 3797, 370, 685, 1090, 11, 5079, 3255, 13, 50564], "temperature": 0.0, "avg_logprob": -0.2843113551064143, "compression_ratio": 1.4133333333333333, "no_speech_prob": 0.33003419637680054}, {"id": 3, "seek": 2900, "start": 33.0, "end": 38.0, "text": " I am a freak from desire and hire and hire the buyer.", "tokens": [50564, 286, 669, 257, 21853, 490, 7516, 293, 11158, 293, 11158, 264, 24645, 13, 50814], "temperature": 0.0, "avg_logprob": -0.2843113551064143, "compression_ratio": 1.4133333333333333, "no_speech_prob": 0.33003419637680054}, {"id": 4, "seek": 2900, "start": 38.0, "end": 42.0, "text": " No material goods can take me higher.", "tokens": [50814, 883, 2527, 10179, 393, 747, 385, 2946, 13, 51014], "temperature": 0.0, "avg_logprob": -0.2843113551064143, "compression_ratio": 1.4133333333333333, "no_speech_prob": 0.33003419637680054}, {"id": 5, "seek": 2900, "start": 42.0, "end": 50.0, "text": " In this brave and light, I'm not a fire, fire, living my truth, my soul of fire.", "tokens": [51014, 682, 341, 12653, 293, 1442, 11, 286, 478, 406, 257, 2610, 11, 2610, 11, 2647, 452, 3494, 11, 452, 5133, 295, 2610, 13, 51414], "temperature": 0.0, "avg_logprob": -0.2843113551064143, "compression_ratio": 1.4133333333333333, "no_speech_prob": 0.33003419637680054}, {"id": 6, "seek": 5900, "start": 59.0, "end": 75.0, "text": " No material goods can take me higher.", "tokens": [50364, 883, 2527, 10179, 393, 747, 385, 2946, 13, 51164], "temperature": 0.0, "avg_logprob": -0.3104728135195645, "compression_ratio": 1.530612244897959, "no_speech_prob": 0.12376862019300461}, {"id": 7, "seek": 5900, "start": 75.0, "end": 79.0, "text": " No material goods can take me higher.", "tokens": [51164, 883, 2527, 10179, 393, 747, 385, 2946, 13, 51364], "temperature": 0.0, "avg_logprob": -0.3104728135195645, "compression_ratio": 1.530612244897959, "no_speech_prob": 0.12376862019300461}, {"id": 8, "seek": 7900, "start": 79.0, "end": 89.0, "text": " In this brave and light, I'm not a fire, I'm living my truth, my soul of fire.", "tokens": [50364, 682, 341, 12653, 293, 1442, 11, 286, 478, 406, 257, 2610, 11, 286, 478, 2647, 452, 3494, 11, 452, 5133, 295, 2610, 13, 50864], "temperature": 0.0, "avg_logprob": -0.07448630608045138, "compression_ratio": 1.0263157894736843, "no_speech_prob": 0.9418721199035645}], "language": "en"}